Name,HeadCount
10005.jpg,5
10009.jpg,5
10015.jpg,5
10022.jpg,5
10023.jpg,5
10024.jpg,5
10025.jpg,5
10029.jpg,5
10030.jpg,5
10033.jpg,5
10036.jpg,5
10037.jpg,5
10044.jpg,5
10047.jpg,5
10048.jpg,5
10050.jpg,5
10052.jpg,5
10053.jpg,5
10056.jpg,5
10057.jpg,5
10058.jpg,5
10064.jpg,5
10065.jpg,5
10068.jpg,5
10071.jpg,5
10077.jpg,5
10079.jpg,5
10085.jpg,5
10091.jpg,5
10094.jpg,5
10096.jpg,5
10099.jpg,5
10101.jpg,5
10105.jpg,5
10108.jpg,5
10109.jpg,5
10111.jpg,5
10112.jpg,5
10127.jpg,5
10128.jpg,5
10129.jpg,5
10132.jpg,5
10135.jpg,5
10137.jpg,5
10139.jpg,5
10140.jpg,5
10146.jpg,5
10151.jpg,5
10152.jpg,5
10156.jpg,5
10157.jpg,5
10163.jpg,5
10164.jpg,5
10165.jpg,5
10166.jpg,5
10167.jpg,5
10172.jpg,5
10178.jpg,5
10181.jpg,5
10182.jpg,5
10188.jpg,5
10190.jpg,5
10191.jpg,5
10195.jpg,5
10196.jpg,5
10197.jpg,5
10201.jpg,5
10202.jpg,5
10210.jpg,5
10212.jpg,5
10214.jpg,5
10215.jpg,5
10220.jpg,5
10224.jpg,5
10225.jpg,5
10227.jpg,5
10233.jpg,5
10235.jpg,5
10238.jpg,5
10241.jpg,5
10243.jpg,5
10251.jpg,5
10253.jpg,5
10256.jpg,5
10261.jpg,5
10263.jpg,5
10265.jpg,5
10266.jpg,5
10272.jpg,5
10274.jpg,5
10275.jpg,5
10278.jpg,5
10281.jpg,5
10283.jpg,5
10291.jpg,5
10292.jpg,5
10293.jpg,5
10295.jpg,5
10296.jpg,5
10297.jpg,5
10298.jpg,5
10305.jpg,5
10309.jpg,5
10310.jpg,5
10314.jpg,5
10316.jpg,5
10318.jpg,5
10324.jpg,5
10328.jpg,5
10330.jpg,5
10331.jpg,5
10332.jpg,5
10339.jpg,5
10340.jpg,5
10344.jpg,5
10346.jpg,5
10347.jpg,5
10352.jpg,5
10356.jpg,5
10358.jpg,5
10363.jpg,5
10366.jpg,5
10367.jpg,5
10372.jpg,5
10375.jpg,5
10378.jpg,5
10379.jpg,5
10381.jpg,5
10386.jpg,5
10389.jpg,5
10390.jpg,5
10391.jpg,5
10392.jpg,5
10393.jpg,5
10402.jpg,5
10404.jpg,5
10409.jpg,5
10410.jpg,5
10412.jpg,5
10414.jpg,5
10416.jpg,5
10422.jpg,5
10428.jpg,5
10432.jpg,5
10434.jpg,5
10438.jpg,5
10440.jpg,5
10444.jpg,5
10450.jpg,5
10454.jpg,5
10459.jpg,5
10460.jpg,5
10466.jpg,5
10468.jpg,5
10479.jpg,5
10483.jpg,5
10488.jpg,5
10494.jpg,5
10495.jpg,5
10498.jpg,5
10500.jpg,5
10501.jpg,5
10508.jpg,5
10513.jpg,5
10515.jpg,5
10522.jpg,5
10523.jpg,5
10526.jpg,5
10527.jpg,5
10529.jpg,5
10534.jpg,5
10535.jpg,5
10537.jpg,5
10543.jpg,5
10544.jpg,5
10545.jpg,5
10549.jpg,5
10551.jpg,5
10554.jpg,5
10560.jpg,5
10563.jpg,5
10567.jpg,5
10578.jpg,5
10582.jpg,5
10589.jpg,5
10590.jpg,5
10591.jpg,5
10603.jpg,5
10607.jpg,5
10608.jpg,5
10612.jpg,5
10616.jpg,5
10619.jpg,5
10620.jpg,5
10621.jpg,5
10625.jpg,5
10628.jpg,5
10632.jpg,5
10634.jpg,5
10639.jpg,5
10645.jpg,5
10646.jpg,5
10650.jpg,5
10654.jpg,5
10656.jpg,5
10660.jpg,5
10661.jpg,5
10662.jpg,5
10663.jpg,5
10665.jpg,5
10676.jpg,5
10678.jpg,5
10689.jpg,5
10692.jpg,5
10696.jpg,5
10697.jpg,5
10703.jpg,5
10711.jpg,5
10714.jpg,5
10721.jpg,5
10723.jpg,5
10728.jpg,5
10730.jpg,5
10731.jpg,5
10736.jpg,5
10742.jpg,5
10744.jpg,5
10748.jpg,5
10749.jpg,5
10750.jpg,5
10751.jpg,5
10752.jpg,5
10757.jpg,5
10760.jpg,5
10761.jpg,5
10763.jpg,5
10764.jpg,5
10765.jpg,5
10766.jpg,5
10768.jpg,5
10777.jpg,5
10781.jpg,5
10782.jpg,5
10787.jpg,5
10788.jpg,5
10789.jpg,5
10793.jpg,5
10795.jpg,5
10800.jpg,5
10805.jpg,5
10811.jpg,5
10813.jpg,5
10816.jpg,5
10818.jpg,5
10819.jpg,5
10820.jpg,5
10822.jpg,5
10825.jpg,5
10828.jpg,5
10830.jpg,5
10831.jpg,5
10833.jpg,5
10834.jpg,5
10837.jpg,5
10843.jpg,5
10844.jpg,5
10845.jpg,5
10851.jpg,5
10858.jpg,5
10860.jpg,5
10864.jpg,5
10869.jpg,5
10873.jpg,5
10875.jpg,5
10882.jpg,5
10884.jpg,5
10885.jpg,5
10888.jpg,5
10889.jpg,5
10890.jpg,5
10891.jpg,5
10892.jpg,5
10896.jpg,5
10899.jpg,5
10901.jpg,5
10902.jpg,5
10903.jpg,5
10911.jpg,5
10912.jpg,5
10913.jpg,5
10915.jpg,5
10919.jpg,5
10920.jpg,5
10921.jpg,5
10922.jpg,5
10925.jpg,5
10926.jpg,5
10928.jpg,5
10933.jpg,5
10935.jpg,5
10938.jpg,5
10939.jpg,5
10949.jpg,5
10951.jpg,5
10953.jpg,5
10956.jpg,5
10958.jpg,5
10959.jpg,5
10964.jpg,5
10966.jpg,5
10970.jpg,5
10972.jpg,5
10983.jpg,5
10985.jpg,5
10990.jpg,5
10994.jpg,5
10995.jpg,5
10996.jpg,5
11011.jpg,5
11016.jpg,5
11018.jpg,5
11019.jpg,5
11021.jpg,5
11023.jpg,5
11024.jpg,5
11025.jpg,5
11026.jpg,5
11027.jpg,5
11028.jpg,5
11033.jpg,5
11039.jpg,5
11041.jpg,5
11049.jpg,5
11050.jpg,5
11053.jpg,5
11056.jpg,5
11058.jpg,5
11067.jpg,5
11068.jpg,5
11072.jpg,5
11080.jpg,5
11081.jpg,5
11082.jpg,5
11089.jpg,5
11094.jpg,5
11096.jpg,5
11102.jpg,5
11103.jpg,5
11106.jpg,5
11107.jpg,5
11109.jpg,5
11115.jpg,5
11116.jpg,5
11117.jpg,5
11118.jpg,5
11122.jpg,5
11124.jpg,5
11126.jpg,5
11128.jpg,5
11131.jpg,5
11134.jpg,5
11138.jpg,5
11140.jpg,5
11141.jpg,5
11150.jpg,5
11152.jpg,5
11153.jpg,5
11158.jpg,5
11164.jpg,5
11167.jpg,5
11168.jpg,5
11181.jpg,5
11185.jpg,5
11188.jpg,5
11190.jpg,5
11192.jpg,5
11193.jpg,5
11198.jpg,5
11201.jpg,5
11207.jpg,5
11208.jpg,5
11209.jpg,5
11216.jpg,5
11217.jpg,5
11219.jpg,5
11220.jpg,5
11222.jpg,5
11224.jpg,5
11227.jpg,5
11228.jpg,5
11229.jpg,5
11230.jpg,5
11232.jpg,5
11239.jpg,5
11240.jpg,5
11248.jpg,5
11249.jpg,5
11250.jpg,5
11251.jpg,5
11253.jpg,5
11255.jpg,5
11256.jpg,5
11259.jpg,5
11261.jpg,5
11267.jpg,5
11268.jpg,5
11270.jpg,5
11271.jpg,5
11281.jpg,5
11285.jpg,5
11286.jpg,5
11290.jpg,5
11291.jpg,5
11294.jpg,5
11295.jpg,5
11303.jpg,5
11305.jpg,5
11314.jpg,5
11325.jpg,5
11328.jpg,5
11339.jpg,5
11345.jpg,5
11353.jpg,5
11354.jpg,5
11358.jpg,5
11364.jpg,5
11373.jpg,5
11374.jpg,5
11377.jpg,5
11378.jpg,5
11381.jpg,5
11383.jpg,5
11384.jpg,5
11385.jpg,5
11386.jpg,5
11390.jpg,5
11394.jpg,5
11398.jpg,5
11401.jpg,5
11409.jpg,5
11410.jpg,5
11411.jpg,5
11414.jpg,5
11420.jpg,5
11421.jpg,5
11424.jpg,5
11438.jpg,5
11441.jpg,5
11447.jpg,5
11450.jpg,5
11451.jpg,5
11455.jpg,5
11456.jpg,5
11461.jpg,5
11462.jpg,5
11463.jpg,5
11464.jpg,5
11470.jpg,5
11473.jpg,5
11474.jpg,5
11478.jpg,5
11481.jpg,5
11490.jpg,5
11495.jpg,5
11497.jpg,5
11498.jpg,5
11501.jpg,5
11506.jpg,5
11510.jpg,5
11516.jpg,5
11524.jpg,5
11527.jpg,5
11529.jpg,5
11536.jpg,5
11537.jpg,5
11539.jpg,5
11541.jpg,5
11543.jpg,5
11545.jpg,5
11548.jpg,5
11550.jpg,5
11560.jpg,5
11563.jpg,5
11566.jpg,5
11568.jpg,5
11571.jpg,5
11573.jpg,5
11577.jpg,5
11580.jpg,5
11585.jpg,5
11589.jpg,5
11590.jpg,5
11593.jpg,5
11597.jpg,5
11599.jpg,5
11601.jpg,5
11609.jpg,5
11611.jpg,5
11626.jpg,5
11627.jpg,5
11629.jpg,5
11634.jpg,5
11642.jpg,5
11648.jpg,5
11650.jpg,5
11657.jpg,5
11658.jpg,5
11659.jpg,5
11660.jpg,5
11666.jpg,5
11669.jpg,5
11670.jpg,5
11680.jpg,5
11683.jpg,5
11694.jpg,5
11695.jpg,5
11698.jpg,5
11701.jpg,5
11705.jpg,5
11706.jpg,5
11711.jpg,5
11715.jpg,5
11719.jpg,5
11720.jpg,5
11730.jpg,5
11731.jpg,5
11735.jpg,5
11737.jpg,5
11742.jpg,5
11743.jpg,5
11744.jpg,5
11747.jpg,5
11752.jpg,5
11753.jpg,5
11757.jpg,5
11762.jpg,5
11767.jpg,5
11770.jpg,5
11771.jpg,5
11773.jpg,5
11778.jpg,5
11785.jpg,5
11790.jpg,5
11791.jpg,5
11792.jpg,5
11794.jpg,5
11797.jpg,5
11801.jpg,5
11819.jpg,5
11823.jpg,5
11826.jpg,5
11828.jpg,5
11829.jpg,5
11831.jpg,5
11834.jpg,5
11836.jpg,5
11837.jpg,5
11838.jpg,5
11839.jpg,5
11842.jpg,5
11843.jpg,5
11846.jpg,5
11847.jpg,5
11848.jpg,5
11849.jpg,5
11850.jpg,5
11852.jpg,5
11853.jpg,5
11857.jpg,5
11859.jpg,5
11869.jpg,5
11874.jpg,5
11876.jpg,5
11880.jpg,5
11881.jpg,5
11882.jpg,5
11886.jpg,5
11888.jpg,5
11890.jpg,5
11892.jpg,5
11893.jpg,5
11898.jpg,5
11899.jpg,5
11901.jpg,5
11902.jpg,5
11903.jpg,5
11910.jpg,5
11916.jpg,5
11917.jpg,5
11918.jpg,5
11920.jpg,5
11924.jpg,5
11926.jpg,5
11928.jpg,5
11931.jpg,5
11934.jpg,5
11936.jpg,5
11941.jpg,5
11942.jpg,5
11959.jpg,5
11966.jpg,5
11968.jpg,5
11969.jpg,5
11971.jpg,5
11974.jpg,5
11980.jpg,5
11984.jpg,5
11986.jpg,5
11987.jpg,5
11988.jpg,5
11989.jpg,5
11993.jpg,5
12000.jpg,5
12004.jpg,5
12005.jpg,5
12010.jpg,5
12013.jpg,5
12014.jpg,5
12016.jpg,5
12017.jpg,5
12020.jpg,5
12023.jpg,5
12024.jpg,5
12025.jpg,5
12026.jpg,5
12031.jpg,5
12032.jpg,5
12033.jpg,5
12034.jpg,5
12036.jpg,5
12038.jpg,5
12039.jpg,5
12043.jpg,5
12046.jpg,5
12049.jpg,5
12052.jpg,5
12054.jpg,5
12062.jpg,5
12063.jpg,5
12067.jpg,5
12068.jpg,5
12071.jpg,5
12083.jpg,5
12094.jpg,5
12098.jpg,5
12102.jpg,5
12104.jpg,5
12105.jpg,5
12106.jpg,5
12110.jpg,5
12111.jpg,5
12115.jpg,5
12117.jpg,5
12119.jpg,5
12120.jpg,5
12122.jpg,5
12124.jpg,5
12125.jpg,5
12127.jpg,5
12129.jpg,5
12136.jpg,5
12137.jpg,5
12138.jpg,5
12142.jpg,5
12145.jpg,5
12148.jpg,5
12158.jpg,5
12161.jpg,5
12162.jpg,5
12164.jpg,5
12166.jpg,5
12176.jpg,5
12177.jpg,5
12179.jpg,5
12180.jpg,5
12183.jpg,5
12186.jpg,5
12188.jpg,5
12189.jpg,5
12190.jpg,5
12192.jpg,5
12193.jpg,5
12194.jpg,5
12196.jpg,5
12209.jpg,5
12210.jpg,5
12214.jpg,5
12217.jpg,5
12218.jpg,5
12224.jpg,5
12230.jpg,5
12234.jpg,5
12235.jpg,5
12236.jpg,5
12238.jpg,5
12240.jpg,5
12241.jpg,5
12245.jpg,5
12251.jpg,5
12255.jpg,5
12259.jpg,5
12260.jpg,5
12264.jpg,5
12266.jpg,5
12268.jpg,5
12270.jpg,5
12273.jpg,5
12278.jpg,5
12284.jpg,5
12286.jpg,5
12292.jpg,5
12294.jpg,5
12296.jpg,5
12302.jpg,5
12305.jpg,5
12312.jpg,5
12316.jpg,5
12318.jpg,5
12322.jpg,5
12323.jpg,5
12327.jpg,5
12328.jpg,5
12330.jpg,5
12331.jpg,5
12333.jpg,5
12334.jpg,5
12339.jpg,5
12343.jpg,5
12355.jpg,5
12357.jpg,5
12361.jpg,5
12363.jpg,5
12365.jpg,5
12369.jpg,5
12376.jpg,5
12377.jpg,5
12384.jpg,5
12388.jpg,5
12389.jpg,5
12393.jpg,5
12395.jpg,5
12400.jpg,5
12404.jpg,5
12406.jpg,5
12411.jpg,5
12415.jpg,5
12428.jpg,5
12430.jpg,5
12434.jpg,5
12440.jpg,5
12442.jpg,5
12443.jpg,5
12445.jpg,5
12446.jpg,5
12455.jpg,5
12456.jpg,5
12462.jpg,5
12465.jpg,5
12466.jpg,5
12469.jpg,5
12472.jpg,5
12475.jpg,5
12482.jpg,5
12488.jpg,5
12489.jpg,5
12495.jpg,5
12503.jpg,5
12509.jpg,5
12510.jpg,5
12514.jpg,5
12516.jpg,5
12526.jpg,5
12527.jpg,5
12535.jpg,5
12539.jpg,5
12540.jpg,5
12541.jpg,5
12547.jpg,5
12548.jpg,5
12550.jpg,5
12553.jpg,5
12555.jpg,5
12556.jpg,5
12559.jpg,5
12565.jpg,5
12575.jpg,5
12576.jpg,5
12578.jpg,5
12581.jpg,5
12582.jpg,5
12583.jpg,5
12586.jpg,5
12589.jpg,5
12590.jpg,5
12592.jpg,5
12609.jpg,5
12613.jpg,5
12617.jpg,5
12624.jpg,5
12626.jpg,5
12627.jpg,5
12631.jpg,5
12632.jpg,5
12634.jpg,5
12636.jpg,5
12637.jpg,5
12638.jpg,5
12639.jpg,5
12644.jpg,5
12646.jpg,5
12650.jpg,5
12652.jpg,5
12655.jpg,5
12658.jpg,5
12663.jpg,5
12666.jpg,5
12667.jpg,5
12668.jpg,5
12672.jpg,5
12673.jpg,5
12678.jpg,5
12679.jpg,5
12681.jpg,5
12684.jpg,5
12689.jpg,5
12700.jpg,5
12703.jpg,5
12710.jpg,5
12713.jpg,5
12718.jpg,5
12729.jpg,5
12736.jpg,5
12737.jpg,5
12738.jpg,5
12739.jpg,5
12743.jpg,5
12751.jpg,5
12752.jpg,5
12754.jpg,5
12756.jpg,5
12758.jpg,5
12761.jpg,5
12762.jpg,5
12765.jpg,5
12770.jpg,5
12771.jpg,5
12772.jpg,5
12773.jpg,5
12781.jpg,5
12784.jpg,5
12787.jpg,5
12788.jpg,5
12797.jpg,5
12798.jpg,5
12800.jpg,5
12806.jpg,5
12807.jpg,5
12811.jpg,5
12812.jpg,5
12818.jpg,5
12821.jpg,5
12822.jpg,5
12827.jpg,5
12831.jpg,5
12833.jpg,5
12834.jpg,5
12835.jpg,5
12839.jpg,5
12840.jpg,5
12841.jpg,5
12842.jpg,5
12844.jpg,5
12848.jpg,5
12852.jpg,5
12858.jpg,5
12859.jpg,5
12869.jpg,5
12877.jpg,5
12878.jpg,5
12880.jpg,5
12886.jpg,5
12888.jpg,5
12889.jpg,5
12891.jpg,5
12896.jpg,5
12901.jpg,5
12905.jpg,5
12906.jpg,5
12908.jpg,5
12912.jpg,5
12913.jpg,5
12915.jpg,5
12917.jpg,5
12919.jpg,5
12920.jpg,5
12927.jpg,5
12928.jpg,5
12930.jpg,5
12932.jpg,5
12936.jpg,5
12939.jpg,5
12940.jpg,5
12946.jpg,5
12948.jpg,5
12952.jpg,5
12954.jpg,5
12959.jpg,5
12960.jpg,5
12966.jpg,5
12968.jpg,5
12971.jpg,5
12975.jpg,5
12979.jpg,5
12982.jpg,5
12984.jpg,5
12985.jpg,5
12989.jpg,5
12994.jpg,5
12995.jpg,5
12996.jpg,5
13010.jpg,5
13011.jpg,5
13013.jpg,5
13014.jpg,5
13015.jpg,5
13020.jpg,5
13024.jpg,5
13027.jpg,5
13029.jpg,5
13031.jpg,5
13038.jpg,5
13040.jpg,5
13041.jpg,5
13042.jpg,5
13043.jpg,5
13044.jpg,5
13045.jpg,5
13046.jpg,5
13048.jpg,5
13052.jpg,5
13054.jpg,5
13065.jpg,5
13066.jpg,5
13073.jpg,5
13074.jpg,5
13082.jpg,5
13087.jpg,5
13091.jpg,5
13092.jpg,5
13096.jpg,5
13105.jpg,5
13113.jpg,5
13118.jpg,5
13119.jpg,5
13120.jpg,5
13121.jpg,5
13123.jpg,5
13128.jpg,5
13131.jpg,5
13132.jpg,5
13133.jpg,5
13134.jpg,5
13137.jpg,5
13138.jpg,5
13141.jpg,5
13145.jpg,5
13147.jpg,5
13150.jpg,5
13158.jpg,5
13159.jpg,5
13165.jpg,5
13170.jpg,5
13171.jpg,5
13174.jpg,5
13178.jpg,5
13182.jpg,5
13183.jpg,5
13186.jpg,5
13190.jpg,5
13193.jpg,5
13201.jpg,5
13203.jpg,5
13216.jpg,5
13219.jpg,5
13221.jpg,5
13223.jpg,5
13224.jpg,5
13225.jpg,5
13227.jpg,5
13228.jpg,5
13231.jpg,5
13236.jpg,5
13238.jpg,5
13243.jpg,5
13251.jpg,5
13252.jpg,5
13258.jpg,5
13259.jpg,5
13266.jpg,5
13268.jpg,5
13270.jpg,5
13271.jpg,5
13273.jpg,5
13276.jpg,5
13277.jpg,5
13283.jpg,5
13287.jpg,5
13294.jpg,5
13301.jpg,5
13307.jpg,5
13309.jpg,5
13316.jpg,5
13323.jpg,5
13324.jpg,5
13329.jpg,5
13332.jpg,5
13333.jpg,5
13336.jpg,5
13337.jpg,5
13340.jpg,5
13342.jpg,5
13343.jpg,5
13344.jpg,5
13347.jpg,5
13349.jpg,5
13350.jpg,5
13351.jpg,5
13356.jpg,5
13358.jpg,5
13366.jpg,5
13368.jpg,5
13373.jpg,5
13374.jpg,5
13375.jpg,5
13376.jpg,5
13383.jpg,5
13386.jpg,5
13387.jpg,5
13390.jpg,5
13391.jpg,5
13399.jpg,5
13400.jpg,5
13405.jpg,5
13408.jpg,5
13410.jpg,5
13412.jpg,5
13414.jpg,5
13417.jpg,5
13423.jpg,5
13429.jpg,5
13430.jpg,5
13432.jpg,5
13433.jpg,5
13436.jpg,5
13438.jpg,5
13439.jpg,5
13443.jpg,5
13449.jpg,5
13451.jpg,5
13453.jpg,5
13457.jpg,5
13458.jpg,5
13468.jpg,5
13485.jpg,5
13490.jpg,5
13493.jpg,5
13494.jpg,5
13499.jpg,5
13500.jpg,5
13501.jpg,5
13505.jpg,5
13506.jpg,5
13507.jpg,5
13511.jpg,5
13514.jpg,5
13522.jpg,5
13523.jpg,5
13527.jpg,5
13528.jpg,5
13529.jpg,5
13534.jpg,5
13539.jpg,5
13545.jpg,5
13548.jpg,5
13550.jpg,5
13553.jpg,5
13556.jpg,5
13558.jpg,5
13565.jpg,5
13567.jpg,5
13571.jpg,5
13572.jpg,5
13577.jpg,5
13580.jpg,5
13593.jpg,5
13594.jpg,5
13595.jpg,5
13598.jpg,5
13600.jpg,5
13601.jpg,5
13608.jpg,5
13612.jpg,5
13614.jpg,5
13617.jpg,5
13620.jpg,5
13623.jpg,5
13625.jpg,5
13628.jpg,5
13633.jpg,5
13634.jpg,5
13638.jpg,5
13639.jpg,5
13643.jpg,5
13645.jpg,5
13656.jpg,5
13660.jpg,5
13661.jpg,5
13663.jpg,5
13668.jpg,5
13673.jpg,5
13674.jpg,5
13681.jpg,5
13684.jpg,5
13685.jpg,5
13689.jpg,5
13690.jpg,5
13697.jpg,5
13698.jpg,5
13700.jpg,5
13702.jpg,5
13703.jpg,5
13709.jpg,5
13711.jpg,5
13712.jpg,5
13721.jpg,5
13726.jpg,5
13728.jpg,5
13729.jpg,5
13730.jpg,5
13734.jpg,5
13745.jpg,5
13746.jpg,5
13750.jpg,5
13757.jpg,5
13758.jpg,5
13765.jpg,5
13767.jpg,5
13771.jpg,5
13774.jpg,5
13776.jpg,5
13781.jpg,5
13784.jpg,5
13785.jpg,5
13787.jpg,5
13788.jpg,5
13792.jpg,5
13796.jpg,5
13801.jpg,5
13803.jpg,5
13804.jpg,5
13809.jpg,5
13810.jpg,5
13811.jpg,5
13814.jpg,5
13815.jpg,5
13816.jpg,5
13818.jpg,5
13825.jpg,5
13827.jpg,5
13832.jpg,5
13835.jpg,5
13851.jpg,5
13855.jpg,5
13856.jpg,5
13859.jpg,5
13860.jpg,5
13863.jpg,5
13867.jpg,5
13868.jpg,5
13869.jpg,5
13870.jpg,5
13873.jpg,5
13874.jpg,5
13876.jpg,5
13877.jpg,5
13879.jpg,5
13883.jpg,5
13888.jpg,5
13889.jpg,5
13891.jpg,5
13893.jpg,5
13901.jpg,5
13902.jpg,5
13904.jpg,5
13905.jpg,5
13909.jpg,5
13910.jpg,5
13911.jpg,5
13918.jpg,5
13920.jpg,5
13922.jpg,5
13923.jpg,5
13926.jpg,5
13930.jpg,5
13933.jpg,5
13938.jpg,5
13939.jpg,5
13943.jpg,5
13944.jpg,5
13946.jpg,5
13948.jpg,5
13949.jpg,5
13959.jpg,5
13965.jpg,5
13973.jpg,5
13975.jpg,5
13976.jpg,5
13977.jpg,5
13981.jpg,5
13984.jpg,5
13986.jpg,5
13991.jpg,5
13994.jpg,5
13998.jpg,5
14005.jpg,5
14006.jpg,5
14009.jpg,5
14011.jpg,5
14014.jpg,5
14016.jpg,5
14019.jpg,5
14021.jpg,5
14024.jpg,5
14027.jpg,5
14029.jpg,5
14031.jpg,5
14035.jpg,5
14038.jpg,5
14040.jpg,5
14042.jpg,5
14045.jpg,5
14046.jpg,5
14051.jpg,5
14055.jpg,5
14056.jpg,5
14058.jpg,5
14060.jpg,5
14063.jpg,5
14066.jpg,5
14091.jpg,5
14093.jpg,5
14094.jpg,5
14095.jpg,5
14099.jpg,5
14100.jpg,5
14102.jpg,5
14103.jpg,5
14105.jpg,5
14106.jpg,5
14107.jpg,5
14113.jpg,5
14114.jpg,5
14115.jpg,5
14117.jpg,5
14121.jpg,5
14123.jpg,5
14131.jpg,5
14132.jpg,5
14137.jpg,5
14140.jpg,5
14141.jpg,5
14142.jpg,5
14155.jpg,5
14157.jpg,5
14163.jpg,5
14168.jpg,5
14170.jpg,5
14173.jpg,5
14175.jpg,5
14176.jpg,5
14179.jpg,5
14180.jpg,5
14183.jpg,5
14184.jpg,5
14185.jpg,5
14188.jpg,5
14190.jpg,5
14194.jpg,5
14195.jpg,5
14197.jpg,5
14199.jpg,5
14200.jpg,5
14212.jpg,5
14217.jpg,5
14220.jpg,5
14223.jpg,5
14224.jpg,5
14228.jpg,5
14234.jpg,5
14239.jpg,5
14240.jpg,5
14246.jpg,5
14249.jpg,5
14251.jpg,5
14255.jpg,5
14257.jpg,5
14258.jpg,5
14260.jpg,5
14267.jpg,5
14274.jpg,5
14280.jpg,5
14286.jpg,5
14296.jpg,5
14298.jpg,5
14302.jpg,5
14307.jpg,5
14310.jpg,5
14315.jpg,5
14318.jpg,5
14322.jpg,5
14326.jpg,5
14330.jpg,5
14333.jpg,5
14335.jpg,5
14338.jpg,5
14340.jpg,5
14342.jpg,5
14343.jpg,5
14345.jpg,5
14348.jpg,5
14349.jpg,5
14355.jpg,5
14357.jpg,5
14369.jpg,5
14370.jpg,5
14373.jpg,5
14374.jpg,5
14377.jpg,5
14380.jpg,5
14381.jpg,5
14382.jpg,5
14386.jpg,5
14393.jpg,5
14396.jpg,5
14399.jpg,5
14401.jpg,5
14405.jpg,5
14410.jpg,5
14411.jpg,5
14415.jpg,5
14420.jpg,5
14425.jpg,5
14426.jpg,5
14427.jpg,5
14434.jpg,5
14435.jpg,5
14439.jpg,5
14440.jpg,5
14441.jpg,5
14460.jpg,5
14464.jpg,5
14467.jpg,5
14468.jpg,5
14473.jpg,5
14474.jpg,5
14475.jpg,5
14482.jpg,5
14487.jpg,5
14488.jpg,5
14489.jpg,5
14493.jpg,5
14494.jpg,5
14497.jpg,5
14498.jpg,5
14502.jpg,5
14504.jpg,5
14506.jpg,5
14508.jpg,5
14510.jpg,5
14518.jpg,5
14531.jpg,5
14543.jpg,5
14544.jpg,5
14558.jpg,5
14559.jpg,5
14563.jpg,5
14568.jpg,5
14571.jpg,5
14574.jpg,5
14575.jpg,5
14582.jpg,5
14586.jpg,5
14589.jpg,5
14591.jpg,5
14592.jpg,5
14593.jpg,5
14599.jpg,5
14609.jpg,5
14613.jpg,5
14614.jpg,5
14615.jpg,5
14619.jpg,5
14622.jpg,5
14623.jpg,5
14630.jpg,5
14635.jpg,5
14638.jpg,5
14642.jpg,5
14644.jpg,5
14649.jpg,5
14651.jpg,5
14653.jpg,5
14655.jpg,5
14658.jpg,5
14659.jpg,5
14664.jpg,5
14666.jpg,5
14667.jpg,5
14671.jpg,5
14681.jpg,5
14682.jpg,5
14684.jpg,5
14687.jpg,5
14688.jpg,5
14689.jpg,5
14695.jpg,5
14698.jpg,5
14700.jpg,5
14701.jpg,5
14710.jpg,5
14712.jpg,5
14718.jpg,5
14724.jpg,5
14726.jpg,5
14727.jpg,5
14731.jpg,5
14738.jpg,5
14739.jpg,5
14741.jpg,5
14742.jpg,5
14743.jpg,5
14745.jpg,5
14746.jpg,5
14751.jpg,5
14762.jpg,5
14768.jpg,5
14774.jpg,5
14780.jpg,5
14783.jpg,5
14786.jpg,5
14793.jpg,5
14795.jpg,5
14798.jpg,5
14801.jpg,5
14804.jpg,5
14807.jpg,5
14817.jpg,5
14818.jpg,5
14820.jpg,5
14822.jpg,5
14824.jpg,5
14825.jpg,5
14827.jpg,5
14828.jpg,5
14830.jpg,5
14836.jpg,5
14837.jpg,5
14842.jpg,5
14848.jpg,5
14857.jpg,5
14860.jpg,5
14862.jpg,5
14864.jpg,5
14868.jpg,5
14872.jpg,5
14873.jpg,5
14874.jpg,5
14876.jpg,5
14879.jpg,5
14890.jpg,5
14891.jpg,5
14893.jpg,5
14896.jpg,5
14898.jpg,5
14902.jpg,5
14909.jpg,5
14910.jpg,5
14912.jpg,5
14913.jpg,5
14917.jpg,5
14923.jpg,5
14927.jpg,5
14931.jpg,5
14940.jpg,5
14941.jpg,5
14942.jpg,5
14945.jpg,5
14955.jpg,5
14957.jpg,5
14962.jpg,5
14965.jpg,5
14973.jpg,5
14976.jpg,5
14977.jpg,5
14978.jpg,5
14979.jpg,5
14985.jpg,5
14989.jpg,5
14993.jpg,5
14994.jpg,5
14998.jpg,5
15002.jpg,5
15009.jpg,5
15010.jpg,5
15011.jpg,5
15012.jpg,5
15014.jpg,5
15019.jpg,5
15022.jpg,5
15024.jpg,5
15030.jpg,5
15031.jpg,5
15034.jpg,5
15035.jpg,5
15047.jpg,5
15050.jpg,5
15051.jpg,5
15055.jpg,5
15058.jpg,5
15062.jpg,5
15063.jpg,5
15064.jpg,5
15065.jpg,5
15066.jpg,5
15071.jpg,5
15077.jpg,5
15079.jpg,5
15080.jpg,5
15081.jpg,5
15085.jpg,5
15097.jpg,5
15099.jpg,5
15101.jpg,5
15108.jpg,5
15111.jpg,5
15113.jpg,5
15117.jpg,5
15130.jpg,5
15132.jpg,5
15136.jpg,5
15143.jpg,5
15149.jpg,5
15153.jpg,5
15161.jpg,5
15165.jpg,5
15171.jpg,5
15184.jpg,5
15190.jpg,5
15191.jpg,5
15195.jpg,5
15197.jpg,5
15201.jpg,5
15204.jpg,5
15205.jpg,5
15207.jpg,5
15209.jpg,5
15211.jpg,5
15222.jpg,5
15228.jpg,5
15231.jpg,5
15234.jpg,5
15236.jpg,5
15238.jpg,5
15239.jpg,5
15244.jpg,5
15245.jpg,5
15246.jpg,5
15250.jpg,5
15251.jpg,5
15262.jpg,5
15263.jpg,5
15264.jpg,5
15266.jpg,5
15268.jpg,5
15269.jpg,5
15281.jpg,5
15283.jpg,5
15286.jpg,5
15288.jpg,5
15290.jpg,5
15293.jpg,5
15297.jpg,5
15300.jpg,5
15310.jpg,5
15311.jpg,5
15312.jpg,5
15317.jpg,5
15318.jpg,5
15319.jpg,5
15322.jpg,5
15325.jpg,5
15328.jpg,5
15332.jpg,5
15335.jpg,5
15336.jpg,5
15338.jpg,5
15339.jpg,5
15340.jpg,5
15341.jpg,5
15342.jpg,5
15344.jpg,5
15346.jpg,5
15347.jpg,5
15348.jpg,5
15355.jpg,5
15358.jpg,5
15362.jpg,5
15365.jpg,5
15368.jpg,5
15369.jpg,5
15370.jpg,5
15371.jpg,5
15374.jpg,5
15380.jpg,5
15381.jpg,5
15383.jpg,5
15388.jpg,5
15390.jpg,5
15392.jpg,5
15394.jpg,5
15396.jpg,5
15402.jpg,5
15403.jpg,5
15404.jpg,5
15405.jpg,5
15411.jpg,5
15414.jpg,5
15417.jpg,5
15432.jpg,5
15434.jpg,5
15452.jpg,5
15453.jpg,5
15456.jpg,5
15457.jpg,5
15458.jpg,5
15462.jpg,5
15471.jpg,5
15474.jpg,5
15475.jpg,5
15476.jpg,5
15480.jpg,5
15488.jpg,5
15490.jpg,5
15492.jpg,5
15501.jpg,5
15506.jpg,5
15517.jpg,5
15520.jpg,5
15523.jpg,5
15526.jpg,5
15530.jpg,5
15531.jpg,5
15532.jpg,5
15535.jpg,5
15537.jpg,5
15547.jpg,5
15548.jpg,5
15549.jpg,5
15552.jpg,5
15553.jpg,5
15561.jpg,5
15566.jpg,5
15568.jpg,5
15569.jpg,5
15570.jpg,5
15572.jpg,5
15578.jpg,5
15583.jpg,5
15584.jpg,5
15590.jpg,5
15601.jpg,5
15602.jpg,5
15608.jpg,5
15612.jpg,5
15616.jpg,5
15624.jpg,5
15629.jpg,5
15640.jpg,5
15641.jpg,5
15643.jpg,5
15644.jpg,5
15648.jpg,5
15649.jpg,5
15651.jpg,5
15654.jpg,5
15657.jpg,5
15658.jpg,5
15660.jpg,5
15661.jpg,5
15670.jpg,5
15675.jpg,5
15681.jpg,5
15684.jpg,5
15686.jpg,5
15689.jpg,5
15690.jpg,5
15692.jpg,5
15694.jpg,5
15696.jpg,5
15699.jpg,5
15703.jpg,5
15706.jpg,5
15707.jpg,5
15712.jpg,5
15713.jpg,5
15722.jpg,5
15725.jpg,5
15727.jpg,5
15729.jpg,5
15731.jpg,5
15733.jpg,5
15738.jpg,5
15741.jpg,5
15742.jpg,5
15743.jpg,5
15744.jpg,5
15745.jpg,5
15750.jpg,5
15751.jpg,5
15762.jpg,5
15763.jpg,5
15769.jpg,5
15771.jpg,5
15777.jpg,5
15779.jpg,5
15781.jpg,5
15788.jpg,5
15791.jpg,5
15800.jpg,5
15807.jpg,5
15808.jpg,5
15815.jpg,5
15816.jpg,5
15818.jpg,5
15820.jpg,5
15823.jpg,5
15825.jpg,5
15831.jpg,5
15833.jpg,5
15836.jpg,5
15839.jpg,5
15846.jpg,5
15851.jpg,5
15857.jpg,5
15859.jpg,5
15869.jpg,5
15870.jpg,5
15872.jpg,5
15878.jpg,5
15886.jpg,5
15887.jpg,5
15888.jpg,5
15894.jpg,5
15898.jpg,5
15899.jpg,5
15904.jpg,5
15907.jpg,5
15908.jpg,5
15914.jpg,5
15918.jpg,5
15919.jpg,5
15920.jpg,5
15922.jpg,5
15925.jpg,5
15926.jpg,5
15927.jpg,5
15932.jpg,5
15937.jpg,5
15941.jpg,5
15946.jpg,5
15948.jpg,5
15950.jpg,5
15952.jpg,5
15953.jpg,5
15956.jpg,5
15960.jpg,5
15961.jpg,5
15962.jpg,5
15969.jpg,5
15970.jpg,5
15973.jpg,5
15974.jpg,5
15984.jpg,5
15991.jpg,5
15995.jpg,5
15996.jpg,5
15997.jpg,5
15999.jpg,5
16002.jpg,5
16007.jpg,5
16009.jpg,5
16010.jpg,5
16015.jpg,5
16019.jpg,5
16021.jpg,5
16022.jpg,5
16024.jpg,5
16026.jpg,5
16033.jpg,5
16037.jpg,5
16042.jpg,5
16043.jpg,5
16044.jpg,5
16045.jpg,5
16047.jpg,5
16055.jpg,5
16060.jpg,5
16061.jpg,5
16063.jpg,5
16064.jpg,5
16067.jpg,5
16071.jpg,5
16078.jpg,5
16082.jpg,5
16084.jpg,5
16090.jpg,5
16092.jpg,5
16094.jpg,5
16095.jpg,5
16098.jpg,5
16103.jpg,5
16104.jpg,5
16107.jpg,5
16109.jpg,5
16112.jpg,5
16115.jpg,5
16118.jpg,5
16119.jpg,5
16121.jpg,5
16123.jpg,5
16127.jpg,5
16129.jpg,5
16140.jpg,5
16143.jpg,5
16147.jpg,5
16153.jpg,5
16154.jpg,5
16155.jpg,5
16157.jpg,5
16166.jpg,5
16170.jpg,5
16174.jpg,5
16181.jpg,5
16188.jpg,5
16201.jpg,5
16205.jpg,5
16206.jpg,5
16207.jpg,5
16208.jpg,5
16220.jpg,5
16224.jpg,5
16225.jpg,5
16226.jpg,5
16228.jpg,5
16230.jpg,5
16232.jpg,5
16233.jpg,5
16236.jpg,5
16245.jpg,5
16246.jpg,5
16248.jpg,5
16249.jpg,5
16256.jpg,5
16257.jpg,5
16266.jpg,5
16267.jpg,5
16269.jpg,5
16271.jpg,5
16273.jpg,5
16276.jpg,5
16278.jpg,5
16279.jpg,5
16284.jpg,5
16287.jpg,5
16290.jpg,5
16297.jpg,5
16298.jpg,5
16299.jpg,5
16300.jpg,5
16302.jpg,5
16303.jpg,5
16304.jpg,5
16307.jpg,5
16308.jpg,5
16313.jpg,5
16316.jpg,5
16317.jpg,5
16325.jpg,5
16329.jpg,5
16331.jpg,5
16336.jpg,5
16340.jpg,5
16344.jpg,5
16345.jpg,5
16349.jpg,5
16350.jpg,5
16352.jpg,5
16363.jpg,5
16367.jpg,5
16368.jpg,5
16370.jpg,5
16371.jpg,5
16375.jpg,5
16378.jpg,5
16382.jpg,5
16384.jpg,5
16386.jpg,5
16388.jpg,5
16392.jpg,5
16396.jpg,5
16399.jpg,5
16401.jpg,5
16409.jpg,5
16412.jpg,5
16415.jpg,5
16419.jpg,5
16421.jpg,5
16422.jpg,5
16424.jpg,5
16426.jpg,5
16430.jpg,5
16432.jpg,5
16433.jpg,5
16438.jpg,5
16442.jpg,5
16444.jpg,5
16449.jpg,5
16456.jpg,5
16457.jpg,5
16458.jpg,5
16459.jpg,5
16462.jpg,5
16466.jpg,5
16468.jpg,5
16471.jpg,5
16472.jpg,5
16479.jpg,5
16481.jpg,5
16482.jpg,5
16485.jpg,5
16486.jpg,5
16490.jpg,5
16496.jpg,5
16503.jpg,5
16506.jpg,5
16507.jpg,5
16508.jpg,5
16511.jpg,5
16514.jpg,5
16515.jpg,5
16519.jpg,5
16523.jpg,5
16524.jpg,5
16525.jpg,5
16529.jpg,5
16533.jpg,5
16537.jpg,5
16541.jpg,5
16550.jpg,5
16552.jpg,5
16557.jpg,5
16558.jpg,5
16559.jpg,5
16565.jpg,5
16566.jpg,5
16568.jpg,5
16580.jpg,5
16581.jpg,5
16584.jpg,5
16585.jpg,5
16586.jpg,5
16588.jpg,5
16591.jpg,5
16594.jpg,5
16597.jpg,5
16603.jpg,5
16604.jpg,5
16605.jpg,5
16610.jpg,5
16611.jpg,5
16613.jpg,5
16615.jpg,5
16616.jpg,5
16621.jpg,5
16624.jpg,5
16625.jpg,5
16626.jpg,5
16627.jpg,5
16630.jpg,5
16632.jpg,5
16633.jpg,5
16634.jpg,5
16636.jpg,5
16637.jpg,5
16640.jpg,5
16642.jpg,5
16647.jpg,5
16649.jpg,5
16656.jpg,5
16657.jpg,5
16659.jpg,5
16660.jpg,5
16661.jpg,5
16664.jpg,5
16672.jpg,5
16673.jpg,5
16680.jpg,5
16682.jpg,5
16684.jpg,5
16697.jpg,5
16700.jpg,5
16715.jpg,5
16719.jpg,5
16727.jpg,5
16728.jpg,5
16732.jpg,5
16735.jpg,5
16739.jpg,5
16749.jpg,5
16751.jpg,5
16752.jpg,5
16759.jpg,5
16763.jpg,5
16765.jpg,5
16766.jpg,5
16771.jpg,5
16777.jpg,5
16779.jpg,5
16786.jpg,5
16787.jpg,5
16788.jpg,5
16789.jpg,5
16791.jpg,5
16795.jpg,5
16798.jpg,5
16799.jpg,5
16802.jpg,5
16806.jpg,5
16807.jpg,5
16808.jpg,5
16811.jpg,5
16815.jpg,5
16817.jpg,5
16819.jpg,5
16820.jpg,5
16822.jpg,5
16823.jpg,5
16824.jpg,5
16825.jpg,5
16828.jpg,5
16830.jpg,5
16831.jpg,5
16832.jpg,5
16833.jpg,5
16841.jpg,5
16847.jpg,5
16848.jpg,5
16850.jpg,5
16851.jpg,5
16858.jpg,5
16859.jpg,5
16862.jpg,5
16863.jpg,5
16867.jpg,5
16872.jpg,5
16874.jpg,5
16881.jpg,5
16884.jpg,5
16887.jpg,5
16888.jpg,5
16889.jpg,5
16891.jpg,5
16896.jpg,5
16898.jpg,5
16899.jpg,5
16902.jpg,5
16903.jpg,5
16904.jpg,5
16905.jpg,5
16910.jpg,5
16912.jpg,5
16913.jpg,5
16914.jpg,5
16918.jpg,5
16922.jpg,5
16923.jpg,5
16926.jpg,5
16927.jpg,5
16933.jpg,5
16943.jpg,5
16944.jpg,5
16949.jpg,5
16950.jpg,5
16957.jpg,5
16958.jpg,5
16962.jpg,5
16968.jpg,5
16969.jpg,5
16971.jpg,5
16976.jpg,5
16978.jpg,5
16982.jpg,5
16984.jpg,5
16991.jpg,5
16993.jpg,5
16996.jpg,5
17002.jpg,5
17008.jpg,5
17014.jpg,5
17018.jpg,5
17019.jpg,5
17024.jpg,5
17029.jpg,5
17030.jpg,5
17032.jpg,5
17039.jpg,5
17052.jpg,5
17054.jpg,5
17056.jpg,5
17058.jpg,5
17064.jpg,5
17066.jpg,5
17067.jpg,5
17071.jpg,5
17075.jpg,5
17077.jpg,5
17079.jpg,5
17082.jpg,5
17083.jpg,5
17085.jpg,5
17089.jpg,5
17095.jpg,5
17096.jpg,5
17098.jpg,5
17101.jpg,5
17102.jpg,5
17103.jpg,5
17106.jpg,5
17108.jpg,5
17109.jpg,5
17110.jpg,5
17113.jpg,5
17116.jpg,5
17120.jpg,5
17123.jpg,5
17127.jpg,5
17132.jpg,5
17133.jpg,5
17135.jpg,5
17136.jpg,5
17145.jpg,5
17146.jpg,5
17160.jpg,5
17164.jpg,5
17169.jpg,5
17170.jpg,5
17172.jpg,5
17175.jpg,5
17180.jpg,5
17184.jpg,5
17192.jpg,5
17193.jpg,5
17194.jpg,5
17200.jpg,5
17201.jpg,5
17203.jpg,5
17205.jpg,5
17209.jpg,5
17212.jpg,5
17214.jpg,5
17216.jpg,5
17218.jpg,5
17219.jpg,5
17225.jpg,5
17237.jpg,5
17245.jpg,5
17246.jpg,5
17252.jpg,5
17260.jpg,5
17266.jpg,5
17267.jpg,5
17274.jpg,5
17275.jpg,5
17276.jpg,5
17277.jpg,5
17278.jpg,5
17287.jpg,5
17292.jpg,5
17293.jpg,5
17298.jpg,5
17300.jpg,5
17303.jpg,5
17315.jpg,5
17318.jpg,5
17320.jpg,5
17321.jpg,5
17335.jpg,5
17343.jpg,5
17347.jpg,5
17350.jpg,5
17352.jpg,5
17358.jpg,5
17360.jpg,5
17365.jpg,5
17367.jpg,5
17369.jpg,5
17373.jpg,5
17376.jpg,5
17379.jpg,5
17384.jpg,5
17388.jpg,5
17390.jpg,5
17391.jpg,5
17392.jpg,5
17394.jpg,5
17410.jpg,5
17412.jpg,5
17419.jpg,5
17420.jpg,5
17425.jpg,5
17432.jpg,5
17435.jpg,5
17443.jpg,5
17445.jpg,5
17447.jpg,5
17448.jpg,5
17450.jpg,5
17452.jpg,5
17454.jpg,5
17458.jpg,5
17460.jpg,5
17461.jpg,5
17462.jpg,5
17467.jpg,5
17468.jpg,5
17469.jpg,5
17492.jpg,5
17493.jpg,5
17494.jpg,5
17498.jpg,5
17500.jpg,5
17504.jpg,5
17508.jpg,5
17509.jpg,5
17510.jpg,5
17516.jpg,5
17526.jpg,5
17535.jpg,5
17536.jpg,5
17538.jpg,5
17542.jpg,5
17543.jpg,5
17545.jpg,5
17560.jpg,5
17561.jpg,5
17566.jpg,5
17573.jpg,5
17574.jpg,5
17577.jpg,5
17578.jpg,5
17585.jpg,5
17588.jpg,5
17591.jpg,5
17592.jpg,5
17599.jpg,5
17602.jpg,5
17614.jpg,5
17615.jpg,5
17624.jpg,5
17625.jpg,5
17626.jpg,5
17630.jpg,5
17633.jpg,5
17642.jpg,5
17648.jpg,5
17650.jpg,5
17653.jpg,5
17654.jpg,5
17656.jpg,5
17657.jpg,5
17663.jpg,5
17665.jpg,5
17667.jpg,5
17671.jpg,5
17674.jpg,5
17675.jpg,5
17676.jpg,5
17678.jpg,5
17681.jpg,5
17687.jpg,5
17688.jpg,5
17690.jpg,5
17693.jpg,5
17694.jpg,5
17696.jpg,5
17697.jpg,5
17699.jpg,5
17701.jpg,5
17705.jpg,5
17706.jpg,5
17709.jpg,5
17713.jpg,5
17715.jpg,5
17716.jpg,5
17718.jpg,5
17725.jpg,5
17730.jpg,5
17733.jpg,5
17736.jpg,5
17744.jpg,5
17747.jpg,5
17751.jpg,5
17755.jpg,5
17760.jpg,5
17765.jpg,5
17768.jpg,5
17771.jpg,5
17772.jpg,5
17773.jpg,5
17775.jpg,5
17778.jpg,5
17780.jpg,5
17782.jpg,5
17783.jpg,5
17785.jpg,5
17790.jpg,5
17791.jpg,5
17797.jpg,5
17801.jpg,5
17803.jpg,5
17805.jpg,5
17810.jpg,5
17813.jpg,5
17821.jpg,5
17823.jpg,5
17824.jpg,5
17825.jpg,5
17827.jpg,5
17830.jpg,5
17835.jpg,5
17839.jpg,5
17840.jpg,5
17846.jpg,5
17847.jpg,5
17848.jpg,5
17849.jpg,5
17850.jpg,5
17855.jpg,5
17856.jpg,5
17860.jpg,5
17861.jpg,5
17870.jpg,5
17874.jpg,5
17877.jpg,5
17884.jpg,5
17891.jpg,5
17893.jpg,5
17898.jpg,5
17901.jpg,5
17904.jpg,5
17905.jpg,5
17912.jpg,5
17915.jpg,5
17917.jpg,5
17919.jpg,5
17923.jpg,5
17925.jpg,5
17933.jpg,5
17934.jpg,5
17935.jpg,5
17942.jpg,5
17944.jpg,5
17945.jpg,5
17952.jpg,5
17953.jpg,5
17955.jpg,5
17960.jpg,5
17962.jpg,5
17968.jpg,5
17969.jpg,5
17979.jpg,5
17981.jpg,5
17982.jpg,5
17986.jpg,5
17987.jpg,5
17991.jpg,5
17992.jpg,5
17994.jpg,5
17998.jpg,5
18002.jpg,5
18003.jpg,5
18004.jpg,5
18005.jpg,5
18013.jpg,5
18014.jpg,5
18017.jpg,5
18019.jpg,5
18022.jpg,5
18026.jpg,5
18030.jpg,5
18031.jpg,5
18034.jpg,5
18038.jpg,5
18039.jpg,5
18046.jpg,5
18048.jpg,5
18053.jpg,5
18057.jpg,5
18061.jpg,5
18062.jpg,5
18066.jpg,5
18067.jpg,5
18070.jpg,5
18073.jpg,5
18074.jpg,5
18080.jpg,5
18101.jpg,5
18102.jpg,5
18104.jpg,5
18106.jpg,5
18108.jpg,5
18114.jpg,5
18117.jpg,5
18118.jpg,5
18122.jpg,5
18126.jpg,5
18135.jpg,5
18138.jpg,5
18140.jpg,5
18141.jpg,5
18148.jpg,5
18149.jpg,5
18151.jpg,5
18152.jpg,5
18157.jpg,5
18158.jpg,5
18160.jpg,5
18161.jpg,5
18162.jpg,5
18163.jpg,5
18171.jpg,5
18172.jpg,5
18179.jpg,5
18181.jpg,5
18182.jpg,5
18184.jpg,5
18186.jpg,5
18193.jpg,5
18197.jpg,5
18198.jpg,5
18199.jpg,5
18202.jpg,5
18206.jpg,5
